name,display_rank,rank,tied
AdventHealth University,Unranked,-2,FALSE
Albany College of Pharmacy and Health Sciences,Unranked,-2,FALSE
Albizu University,Unranked,-2,FALSE
Albizu University--Miami,Unranked,-2,FALSE
Allen College,Unranked,-2,FALSE
Alliant International University,Unranked,-2,FALSE
Alpena Community College,Unranked,-2,FALSE
American Academy of Art,Unranked,-2,FALSE
American College of Thessaloniki,Unranked,-2,FALSE
American Samoa Community College,Unranked,-2,FALSE
American University in Bulgaria,Unranked,-2,FALSE
American University in Cairo,Unranked,-2,FALSE
American University of Beirut,Unranked,-2,FALSE
American University of Health Sciences,Unranked,-2,FALSE
American University of Paris,Unranked,-2,FALSE
American University of Puerto Rico--Manati,Unranked,-2,FALSE
AmeriTech College-Draper,Unranked,-2,FALSE
Andrew College,Unranked,-2,FALSE
Antelope Valley College,Unranked,-2,FALSE
Appalachian Bible College,Unranked,-2,FALSE
Arizona College of Nursing--Las Vegas,Unranked,-2,FALSE
Arizona College of Nursing--Tempe,Unranked,-2,FALSE
Art Academy of Cincinnati,Unranked,-2,FALSE
Aspen University,Unranked,-2,FALSE
Atenas College,Unranked,-2,FALSE
Atlanta Metropolitan State College,Unranked,-2,FALSE
Aultman College of Nursing and Health Sciences,Unranked,-2,FALSE
Austin Community College District,Unranked,-2,FALSE
Babson College,Unranked,-2,FALSE
Bakersfield College,Unranked,-2,FALSE
Baptist Bible College,Unranked,-2,FALSE
Baptist Health Sciences University,Unranked,-2,FALSE
Baptist Missionary Association Theological Seminary,Unranked,-2,FALSE
Bellevue College,Unranked,-2,FALSE
Bellin College,Unranked,-2,FALSE
Bellingham Technical College,Unranked,-2,FALSE
Benjamin Franklin Institute of Technology,Unranked,-2,FALSE
Blessing-Rieman College of Nursing and Health Sciences,Unranked,-2,FALSE
Bon Secours Memorial College of Nursing,Unranked,-2,FALSE
Boston Architectural College,Unranked,-2,FALSE
Brazosport College,Unranked,-2,FALSE
Brookline College--Albuquerque,Unranked,-2,FALSE
Brookline College-Phoenix,Unranked,-2,FALSE
Bryan College of Health Sciences,Unranked,-2,FALSE
Bryant & Stratton College--Wauwatosa,Unranked,-2,FALSE
Cabarrus College of Health Sciences,Unranked,-2,FALSE
California College of the Arts,Unranked,-2,FALSE
Cambridge College,Unranked,-2,FALSE
Carolinas College of Health Sciences,Unranked,-2,FALSE
Cascadia College,Unranked,-2,FALSE
CEM College--San Juan,Unranked,-2,FALSE
Centralia College,Unranked,-2,FALSE
Chamberlain University,Unranked,-2,FALSE
Charles R. Drew University of Medicine and Science,Unranked,-2,FALSE
Chicago School of Professional Psychology at Los Angeles,Unranked,-2,FALSE
Chipola College,Unranked,-2,FALSE
Christ College of Nursing and Health Sciences,Unranked,-2,FALSE
Clark College,Unranked,-2,FALSE
Clarkson College,Unranked,-2,FALSE
Clear Creek Baptist Bible College,Unranked,-2,FALSE
Cleary University,Unranked,-2,FALSE
Cleveland Institute of Art,Unranked,-2,FALSE
Cleveland Institute of Music,Unranked,-2,FALSE
Cleveland University--Kansas City,Unranked,-2,FALSE
Clover Park Technical College,Unranked,-2,FALSE
College for Creative Studies,Unranked,-2,FALSE
College of Biblical Studies--Houston,Unranked,-2,FALSE
College of Central Florida,Unranked,-2,FALSE
College of Menominee Nation,Unranked,-2,FALSE
College of Southern Nevada,Unranked,-2,FALSE
Columbia Basin College,Unranked,-2,FALSE
Columbia Central University--Caguas,Unranked,-2,FALSE
Columbia College Hollywood,Unranked,-2,FALSE
Columbus College of Art and Design,Unranked,-2,FALSE
Commonwealth University of Pennsylvania,Unranked,-2,FALSE
Community College of Denver,Unranked,-2,FALSE
Conception Seminary College,Unranked,-2,FALSE
Concordia University Ann Arbor,Unranked,-2,FALSE
Cornish College of the Arts,Unranked,-2,FALSE
Cox College,Unranked,-2,FALSE
Culinary Institute of America,Unranked,-2,FALSE
Curtis Institute of Music,Unranked,-2,FALSE
Cypress College,Unranked,-2,FALSE
Davis College,Unranked,-2,FALSE
Daytona State College,Unranked,-2,FALSE
Delaware Technical Community College--Terry,Unranked,-2,FALSE
Denver College of Nursing,Unranked,-2,FALSE
DEREE--The American College of Greece,Unranked,-2,FALSE
Design Institute of San Diego,Unranked,-2,FALSE
Dharma Realm Buddhist University,Unranked,-2,FALSE
DigiPen Institute of Technology,Unranked,-2,FALSE
Dine College,Unranked,-2,FALSE
Divine Word College,Unranked,-2,FALSE
Eagle Gate College--Murray,Unranked,-2,FALSE
Eastern Florida State College,Unranked,-2,FALSE
Eastern International College--Jersey City,Unranked,-2,FALSE
East Georgia State College,Unranked,-2,FALSE
Edmonds Community College,Unranked,-2,FALSE
Escuela de Artes Plasticas de Puerto Rico,Unranked,-2,FALSE
Fashion Institute of Technology,Unranked,-2,FALSE
Feather River Community College District,Unranked,-2,FALSE
Five Towns College,Unranked,-2,FALSE
Florida A&M University -- Florida State University College of Engineering,Unranked,-2,FALSE
Florida Gateway College,Unranked,-2,FALSE
Florida Keys Community College,Unranked,-2,FALSE
Florida SouthWestern State College,Unranked,-2,FALSE
Florida State College--Jacksonville,Unranked,-2,FALSE
Foothill College,Unranked,-2,FALSE
Franciscan Missionaries of Our Lady University,Unranked,-2,FALSE
Franklin University Switzerland,Unranked,-2,FALSE
Franklin W. Olin College of Engineering,Unranked,-2,FALSE
Galen College of Nursing--Louisville,Unranked,-2,FALSE
Georgia Highlands College,Unranked,-2,FALSE
Georgia Military College,Unranked,-2,FALSE
Goddard College,Unranked,-2,FALSE
Goldfarb School of Nursing at Barnes-Jewish College,Unranked,-2,FALSE
Good Samaritan College of Nursing and Health Science,Unranked,-2,FALSE
Grays Harbor College,Unranked,-2,FALSE
Grayson College,Unranked,-2,FALSE
Green River College,Unranked,-2,FALSE
Gulf Coast State College,Unranked,-2,FALSE
Haskell Indian Nations University,Unranked,-2,FALSE
Hellenic College,Unranked,-2,FALSE
Henry Ford College,Unranked,-2,FALSE
Herzing University-Brookfield,Unranked,-2,FALSE
Herzing University-Kenosha,Unranked,-2,FALSE
Herzing University--Minneapolis,Unranked,-2,FALSE
Herzing University--Orlando,Unranked,-2,FALSE
Hesston College,Unranked,-2,FALSE
Highline College,Unranked,-2,FALSE
Holy Apostles College and Seminary,Unranked,-2,FALSE
Huertas College,Unranked,-2,FALSE
Hult International Business School,Unranked,-2,FALSE
Humphreys University,Unranked,-2,FALSE
Ilisagvik College,Unranked,-2,FALSE
Indian River State College,Unranked,-2,FALSE
Institute of American Indian Arts,Unranked,-2,FALSE
International College of the Cayman Islands,Unranked,-2,FALSE
Jackson College,Unranked,-2,FALSE
Jamestown Business College,Unranked,-2,FALSE
Jewish Theological Seminary of America,Unranked,-2,FALSE
Juilliard School,Unranked,-2,FALSE
Kansas City Art Institute,Unranked,-2,FALSE
Kettering College,Unranked,-2,FALSE
Laboure College,Unranked,-2,FALSE
Lackawanna College,Unranked,-2,FALSE
Laguna College of Art and Design,Unranked,-2,FALSE
Lake Michigan College,Unranked,-2,FALSE
Lake-Sumter State College,Unranked,-2,FALSE
Lakeview College of Nursing,Unranked,-2,FALSE
Lake Washington Institute of Technology,Unranked,-2,FALSE
Landmark College,Unranked,-2,FALSE
Lebanese American University,Unranked,-2,FALSE
LIM College,Unranked,-2,FALSE
Lincoln University (CA),Unranked,-2,FALSE
Logan University,Unranked,-2,FALSE
Loma Linda University,Unranked,-2,FALSE
Louisiana State University Health Sciences Center,Unranked,-2,FALSE
Maine College of Art,Unranked,-2,FALSE
Manhattan Christian College,Unranked,-2,FALSE
Manhattan School of Music,Unranked,-2,FALSE
Manor College,Unranked,-2,FALSE
Maria College of Albany,Unranked,-2,FALSE
Martin Luther College,Unranked,-2,FALSE
Maryland Institute College of Art,Unranked,-2,FALSE
Massachusetts College of Art and Design,Unranked,-2,FALSE
MCPHS University,Unranked,-2,FALSE
Medical University of South Carolina,Unranked,-2,FALSE
Menlo College,Unranked,-2,FALSE
Mercy College of Health Sciences,Unranked,-2,FALSE
Mercy College of Ohio,Unranked,-2,FALSE
Methodist College,Unranked,-2,FALSE
MGH Institute of Health Professions,Unranked,-2,FALSE
Miami Dade College,Unranked,-2,FALSE
Miami Regional University,Unranked,-2,FALSE
Midland College,Unranked,-2,FALSE
Midwestern Baptist Theological Seminary,Unranked,-2,FALSE
Milwaukee Institute of Art and Design,Unranked,-2,FALSE
Minneapolis College of Art and Design,Unranked,-2,FALSE
MiraCosta College,Unranked,-2,FALSE
Modesto Junior College,Unranked,-2,FALSE
Moody Bible Institute,Unranked,-2,FALSE
Moore College of Art & Design,Unranked,-2,FALSE
Mount Angel Seminary,Unranked,-2,FALSE
Mount Carmel College of Nursing,Unranked,-2,FALSE
Navajo Technical University,Unranked,-2,FALSE
Nebraska Methodist College,Unranked,-2,FALSE
Neumont College of Computer Science,Unranked,-2,FALSE
New England Conservatory of Music,Unranked,-2,FALSE
New England Institute of Technology,Unranked,-2,FALSE
New Orleans Baptist Theological Seminary,Unranked,-2,FALSE
New York School of Interior Design,Unranked,-2,FALSE
Nightingale College,Unranked,-2,FALSE
North Seattle College,Unranked,-2,FALSE
Northwestern Health Sciences University,Unranked,-2,FALSE
Northwestern Michigan College,Unranked,-2,FALSE
Northwest Florida State College,Unranked,-2,FALSE
Northwest Indian College,Unranked,-2,FALSE
Northwood University,Unranked,-2,FALSE
Nueta Hidatsa Sahnish College,Unranked,-2,FALSE
Oak Point University,Unranked,-2,FALSE
Oglala Lakota College,Unranked,-2,FALSE
Oklahoma State University Institute of Technology--Okmulgee,Unranked,-2,FALSE
Oklahoma State University--Oklahoma City,Unranked,-2,FALSE
Olympic College,Unranked,-2,FALSE
Oregon Health and Science University,Unranked,-2,FALSE
Otis College of Art and Design,Unranked,-2,FALSE
Ozark Christian College,Unranked,-2,FALSE
Pacific College,Unranked,-2,FALSE
Pacific Northwest College of Art,Unranked,-2,FALSE
Pacific Oaks College,Unranked,-2,FALSE
Palm Beach State College,Unranked,-2,FALSE
Parker University,Unranked,-2,FALSE
Pasco-Hernando State College,Unranked,-2,FALSE
Patrick Henry College,Unranked,-2,FALSE
Peirce College,Unranked,-2,FALSE
Peninsula College,Unranked,-2,FALSE
Pennsylvania Academy of the Fine Arts,Unranked,-2,FALSE
Pennsylvania College of Art & Design,Unranked,-2,FALSE
Pennsylvania State University -- Behrend,Unranked,-2,FALSE
Pennsylvania State University--Berks,Unranked,-2,FALSE
Pennsylvania State University--Harrisburg,Unranked,-2,FALSE
Pensacola State College,Unranked,-2,FALSE
Phillips School of Nursing at Mount Sinai Beth Israel,Unranked,-2,FALSE
Pittsburgh Technical College,Unranked,-2,FALSE
Platt College,Unranked,-2,FALSE
Plaza College,Unranked,-2,FALSE
Polk State College,Unranked,-2,FALSE
Pontifical Catholic University of Puerto Rico--Arecibo,Unranked,-2,FALSE
Pontifical College Josephinum,Unranked,-2,FALSE
Pratt Institute,Unranked,-2,FALSE
Provo College,Unranked,-2,FALSE
Pueblo Community College,Unranked,-2,FALSE
Puerto Rico Conservatory of Music,Unranked,-2,FALSE
Ranken Technical College,Unranked,-2,FALSE
Rasmussen University,Unranked,-2,FALSE
Red Rocks Community College,Unranked,-2,FALSE
Regent's American College London,Unranked,-2,FALSE
Renton Technical College,Unranked,-2,FALSE
Research College of Nursing,Unranked,-2,FALSE
Richmond American University London,Unranked,-2,FALSE
Ringling College of Art and Design,Unranked,-2,FALSE
Rio Hondo College,Unranked,-2,FALSE
Rose-Hulman Institute of Technology,Unranked,-2,FALSE
Roseman University of Health Sciences,Unranked,-2,FALSE
Sacred Heart Major Seminary,Unranked,-2,FALSE
Saint Anthony College of Nursing,Unranked,-2,FALSE
Saint Johns River State College,Unranked,-2,FALSE
Salish Kootenai College,Unranked,-2,FALSE
Samuel Merritt University,Unranked,-2,FALSE
San Diego Mesa College,Unranked,-2,FALSE
San Francisco Conservatory of Music,Unranked,-2,FALSE
San Joaquin Valley College--Visalia,Unranked,-2,FALSE
San Juan Bautista School of Medicine,Unranked,-2,FALSE
Santa Ana College,Unranked,-2,FALSE
Santa Fe College,Unranked,-2,FALSE
Santa Monica College,Unranked,-2,FALSE
Schoolcraft College,Unranked,-2,FALSE
School of the Art Institute of Chicago,Unranked,-2,FALSE
Seattle Central College,Unranked,-2,FALSE
Seminole State College of Florida,Unranked,-2,FALSE
Sentara College of Health Sciences,Unranked,-2,FALSE
Shasta College,Unranked,-2,FALSE
Sinte Gleska University,Unranked,-2,FALSE
Sitting Bull College,Unranked,-2,FALSE
Skagit Valley College,Unranked,-2,FALSE
Skyline College,Unranked,-2,FALSE
Solano Community College,Unranked,-2,FALSE
Southeast Missouri Hospital College of Nursing and Health Sciences,Unranked,-2,FALSE
Southern Baptist Theological Seminary,Unranked,-2,FALSE
Southern California Institute of Architecture,Unranked,-2,FALSE
Southern California University of Health Sciences,Unranked,-2,FALSE
South Florida State College,Unranked,-2,FALSE
South Seattle College,Unranked,-2,FALSE
South University-Tampa,Unranked,-2,FALSE
Southwestern Christian College,Unranked,-2,FALSE
Spokane Community College,Unranked,-2,FALSE
Spokane Falls Community College,Unranked,-2,FALSE
State College of Florida--Manatee-Sarasota,Unranked,-2,FALSE
St. Charles Borromeo Seminary,Unranked,-2,FALSE
St. Francis Medical Center College of Nursing,Unranked,-2,FALSE
St. John's College (IL),Unranked,-2,FALSE
St. John Vianney College Seminary,Unranked,-2,FALSE
St. Joseph Seminary College,Unranked,-2,FALSE
St Luke's College,Unranked,-2,FALSE
Stone Child College,Unranked,-2,FALSE
St. Petersburg College,Unranked,-2,FALSE
Stratford University,Unranked,-2,FALSE
Strayer University,Unranked,-2,FALSE
Sullivan University,Unranked,-2,FALSE
SUM Bible College and Theological Seminary,Unranked,-2,FALSE
SUNY Downstate Health Sciences University,Unranked,-2,FALSE
Tacoma Community College,Unranked,-2,FALSE
Tallahassee Community College,Unranked,-2,FALSE
Texas A&M University--San Antonio,Unranked,-2,FALSE
Texas Tech University Health Sciences Center-El Paso,Unranked,-2,FALSE
Texas Tech University Health Sciences Center-Lubbock,Unranked,-2,FALSE
Thomas Edison State University,Unranked,-2,FALSE
Thomas More College of Liberal Arts,Unranked,-2,FALSE
Touro University Nevada,Unranked,-2,FALSE
Trinity Bible College and Graduate School,Unranked,-2,FALSE
Trinity College of Nursing & Health Sciences,Unranked,-2,FALSE
Trocair College,Unranked,-2,FALSE
Truckee Meadows Community College,Unranked,-2,FALSE
Turtle Mountain Community College,Unranked,-2,FALSE
Tyler Junior College,Unranked,-2,FALSE
Union Institute and University,Unranked,-2,FALSE
United States International University--Kenya,Unranked,-2,FALSE
United States University,Unranked,-2,FALSE
United Tribes Technical College,Unranked,-2,FALSE
Unitek College,Unranked,-2,FALSE
Universidad Central Del Caribe,Unranked,-2,FALSE
University of Arkansas for Medical Sciences,Unranked,-2,FALSE
University of Cincinnati--UC Blue Ash College,Unranked,-2,FALSE
University of Hawaii--Maui College,Unranked,-2,FALSE
University of Health Sciences & Pharmacy in St. Louis,Unranked,-2,FALSE
"University of Maryland, Baltimore",Unranked,-2,FALSE
University of Nebraska Medical Center,Unranked,-2,FALSE
University of North Carolina School of the Arts,Unranked,-2,FALSE
University of Oklahoma Health Sciences Center,Unranked,-2,FALSE
University of Tennessee Health Sciences Center,Unranked,-2,FALSE
University of Texas Health Science Center--Houston,Unranked,-2,FALSE
University of Texas Health Science Center--San Antonio,Unranked,-2,FALSE
University of Texas Medical Branch--Galveston,Unranked,-2,FALSE
University of the Arts,Unranked,-2,FALSE
University of the Potomac,Unranked,-2,FALSE
University of the West,Unranked,-2,FALSE
University of Washington Bothell,Unranked,-2,FALSE
Valencia College,Unranked,-2,FALSE
VanderCook College of Music,Unranked,-2,FALSE
Wade College,Unranked,-2,FALSE
Walsh College,Unranked,-2,FALSE
Webb Institute,Unranked,-2,FALSE
Wenatchee Valley College,Unranked,-2,FALSE
Westcliff University,Unranked,-2,FALSE
West Coast University,Unranked,-2,FALSE
Western Nevada College,Unranked,-2,FALSE
West Los Angeles College,Unranked,-2,FALSE
West Virginia University Institute of Technology,Unranked,-2,FALSE
West Virginia University--Parkersburg,Unranked,-2,FALSE
Whatcom Community College,Unranked,-2,FALSE
Yakima Valley College,Unranked,-2,FALSE
Academy of Art University,#105-115,-1,FALSE
Alabama State University,#395-435,-1,FALSE
Allen University,#186-204,-1,FALSE
Alliance University,#151-167,-1,FALSE
American International College,#395-435,-1,FALSE
Anna Maria College,#151-167,-1,FALSE
Arkansas Baptist College,#91-99,-1,FALSE
Art Institute of Atlanta,#91-99,-1,FALSE
Bacone College,#45-48,-1,FALSE
Baker College,#149-164,-1,FALSE
Barry University,#395-435,-1,FALSE
Bayamon Central University,#123-135,-1,FALSE
Bay State College,#41-44,-1,FALSE
Belhaven University,#395-435,-1,FALSE
Bellevue University,#149-164,-1,FALSE
Berkeley College (NJ),#151-167,-1,FALSE
Bethany College (WV),#186-204,-1,FALSE
Bethune-Cookman University,#186-204,-1,FALSE
Brenau University,#394-435,-1,FALSE
Brewton-Parker College,#91-99,-1,FALSE
Briar Cliff University,#394-435,-1,FALSE
Calumet College of St. Joseph,#149-164,-1,FALSE
Capitol Technology University,#395-435,-1,FALSE
Caribbean University,#123-135,-1,FALSE
Central Christian College of Kansas,#68-74,-1,FALSE
Central State University,#68-74,-1,FALSE
Chicago State University,#149-164,-1,FALSE
Clarks Summit University,#151-167,-1,FALSE
Colegio Universitario de San Juan,#91-99,-1,FALSE
Colorado Technical University,#395-435,-1,FALSE
Columbia College (MO),#149-164,-1,FALSE
Coppin State University,#151-167,-1,FALSE
DeVry University,#149-164,-1,FALSE
Eastern Nazarene College,#151-167,-1,FALSE
East-West University,#186-204,-1,FALSE
Embry-Riddle Aeronautical University--Worldwide,#123-135,-1,FALSE
Faulkner University,#123-135,-1,FALSE
Franklin University,#149-164,-1,FALSE
Georgetown College,#186-204,-1,FALSE
Goodwin University,#41-44,-1,FALSE
Gordon State College,#91-99,-1,FALSE
Governors State University,#149-164,-1,FALSE
Grand Canyon University,#395-435,-1,FALSE
Great Basin College,#45-48,-1,FALSE
Great Lakes Christian College,#68-74,-1,FALSE
Hardin-Simmons University,#395-435,-1,FALSE
Harrisburg University of Science and Technology,#151-167,-1,FALSE
Harris-Stowe State University,#68-74,-1,FALSE
Hebrew Theological College,#186-204,-1,FALSE
Herzing University,#149-164,-1,FALSE
Herzing University-Atlanta,#91-99,-1,FALSE
Hodges University,#123-135,-1,FALSE
"Holy Cross College at Notre Dame, Indiana",#186-204,-1,FALSE
Idaho State University,#395-435,-1,FALSE
Jackson State University,#395-435,-1,FALSE
Kennesaw State University,#394-435,-1,FALSE
Kent State University at East Liverpool,#68-74,-1,FALSE
Lamar University,#395-435,-1,FALSE
Lane College,#186-204,-1,FALSE
Langston University,#105-115,-1,FALSE
LeMoyne-Owen College,#91-99,-1,FALSE
Liberty University,#395-435,-1,FALSE
Lincoln Christian University,#149-164,-1,FALSE
Maharishi International University,#149-164,-1,FALSE
Martin University,#186-204,-1,FALSE
Mary Baldwin University,#395-435,-1,FALSE
Metropolitan College of New York,#151-167,-1,FALSE
Mid-America Christian University,#105-115,-1,FALSE
Missouri Baptist University,#149-164,-1,FALSE
Missouri Valley College,#68-74,-1,FALSE
Naropa University,#105-115,-1,FALSE
National Louis University,#395-435,-1,FALSE
National University,#105-115,-1,FALSE
National University College,#123-135,-1,FALSE
New England College,#151-167,-1,FALSE
Our Lady of the Lake University,#395-435,-1,FALSE
Paine College,#186-204,-1,FALSE
Park University,#149-164,-1,FALSE
Pillar College,#186-204,-1,FALSE
Post University,#151-167,-1,FALSE
Prairie View A&M University,#395-435,-1,FALSE
Providence Christian College,#186-204,-1,FALSE
Purdue University Global,#395-435,-1,FALSE
Rivier University,#151-167,-1,FALSE
Rust College,#186-204,-1,FALSE
Salem University,#123-135,-1,FALSE
Shaw University,#91-99,-1,FALSE
Sierra Nevada University,#105-115,-1,FALSE
South College,#395-435,-1,FALSE
Southeastern University,#395-435,-1,FALSE
Southern New Hampshire University,#151-167,-1,FALSE
Southern University and A&M College,#395-435,-1,FALSE
Southern University at New Orleans,#123-135,-1,FALSE
Southern Virginia University,#186-204,-1,FALSE
South University,#123-135,-1,FALSE
St. Thomas University,#395-435,-1,FALSE
SUNY Empire State College,#151-167,-1,FALSE
Tennessee State University,#395-435,-1,FALSE
Texas A&M University--Corpus Christi,#395-435,-1,FALSE
Texas College,#45-48,-1,FALSE
Texas Southern University,#395-435,-1,FALSE
Texas Wesleyan University,#395-435,-1,FALSE
Trinity International University,#395-435,-1,FALSE
Unity Environmental University,#151-167,-1,FALSE
Universidad Ana G. Mendez--Carolina Campus,#123-135,-1,FALSE
Universidad Ana G. Mendez--Cupey Campus,#123-135,-1,FALSE
Universidad Ana G. Mendez--Gurabo Campus,#395-435,-1,FALSE
Universidad Politecnica de Puerto Rico,#123-135,-1,FALSE
University of Alaska--Southeast,#105-115,-1,FALSE
University of Arkansas--Monticello,#123-135,-1,FALSE
University of Central Arkansas,#394-435,-1,FALSE
University of Charleston,#395-435,-1,FALSE
University of Colorado Colorado Springs,#395-435,-1,FALSE
University of Maine--Augusta,#41-44,-1,FALSE
University of Mary Hardin-Baylor,#394-435,-1,FALSE
University of Maryland Global Campus,#151-167,-1,FALSE
University of New Orleans,#394-435,-1,FALSE
University of Pikeville,#395-435,-1,FALSE
University of Pittsburgh at Greensburg,#186-204,-1,FALSE
University of Puerto Rico--Utuado,#91-99,-1,FALSE
University of Saint Katherine,#45-48,-1,FALSE
University of Science and Arts of Oklahoma,#186-204,-1,FALSE
University of the Cumberlands,#395-435,-1,FALSE
University of the Southwest,#105-115,-1,FALSE
Upper Iowa University,#149-164,-1,FALSE
Valdosta State University,#395-435,-1,FALSE
Vermont State University,#151-167,-1,FALSE
Villa Maria College,#41-44,-1,FALSE
Vincennes University,#68-74,-1,FALSE
Virginia Union University,#186-204,-1,FALSE
Waldorf University,#149-164,-1,FALSE
Warren Wilson College,#186-204,-1,FALSE
Washington Adventist University,#151-167,-1,FALSE
Wayland Baptist University,#105-115,-1,FALSE
Western New Mexico University,#105-115,-1,FALSE
William Woods University,#395-435,-1,FALSE
Wilmington University,#395-435,-1,FALSE
Wright State University,#394-435,-1,FALSE
Young Harris College,#186-204,-1,FALSE
Bentley University,#1,1,TRUE
Butler University,#1,1,FALSE
California Polytechnic State University--San Luis Obispo,#1,1,FALSE
Embry-Riddle Aeronautical University--Prescott,#1,1,FALSE
High Point University,#1,1,FALSE
Illinois Wesleyan University,#1,1,FALSE
Princeton University,#1,1,FALSE
Providence College,#1,1,TRUE
Rollins College,#1,1,FALSE
United States Coast Guard Academy,#1,1,FALSE
Williams College,#1,1,FALSE
Amherst College,#2,2,FALSE
California State University--Maritime Academy,#2,2,FALSE
"The Citadel, The Military College of South Carolina",#2,2,FALSE
Cooper Union for the Advancement of Science and Art,#2,2,FALSE
Florida Polytechnic University,#2,2,FALSE
Massachusetts Institute of Technology,#2,2,FALSE
Milwaukee School of Engineering,#2,2,FALSE
Ohio Northern University,#2,2,FALSE
University of Portland,#2,2,FALSE
Appalachian State University,#3,3,FALSE
Beacon College,#3,3,TRUE
California State Polytechnic University--Pomona,#3,3,FALSE
Carroll College,#3,3,FALSE
College of the Ozarks,#3,3,TRUE
Flagler College,#3,3,TRUE
Harvard University,#3,3,TRUE
John Carroll University,#3,3,FALSE
Stanford University,#3,3,TRUE
Taylor University,#3,3,TRUE
United States Merchant Marine Academy,#3,3,FALSE
United States Naval Academy,#3,3,FALSE
Calvin University,#4,4,FALSE
The College of New Jersey,#4,4,TRUE
Criswell College,#4,4,FALSE
Grove City College,#4,4,FALSE
Pomona College,#4,4,TRUE
Rhode Island School of Design,#4,4,TRUE
Saint Mary's College of California,#4,4,TRUE
San Jose State University,#4,4,TRUE
Stetson University,#4,4,FALSE
Swarthmore College,#4,4,TRUE
Wellesley College,#4,4,TRUE
Berry College,#5,5,FALSE
Maine Maritime Academy,#5,5,FALSE
Oregon Institute of Technology,#5,5,FALSE
Simpson College,#5,5,FALSE
Truman State University,#5,5,FALSE
University of Scranton,#5,5,FALSE
Yale University,#5,5,FALSE
Baldwin Wallace University,#6,6,TRUE
Bryant University,#6,6,FALSE
Catawba College,#6,6,TRUE
Cottey College,#6,6,FALSE
Elmhurst University,#6,6,TRUE
Embry-Riddle Aeronautical University -- Daytona Beach,#6,6,FALSE
Fashion Institute of Design & Merchandising,#6,6,FALSE
Pennsylvania College of Technology,#6,6,FALSE
St. Edward's University,#6,6,FALSE
University of Pennsylvania,#6,6,FALSE
Wesleyan College,#6,6,TRUE
Alma College,#7,7,FALSE
California Institute of Technology,#7,7,TRUE
Christopher Newport University,#7,7,FALSE
College of Idaho,#7,7,FALSE
Duke University,#7,7,TRUE
Elmira College,#7,7,FALSE
Loyola University Maryland,#7,7,FALSE
United States Air Force Academy,#7,7,FALSE
University of Redlands,#7,7,TRUE
University of the Ozarks,#7,7,FALSE
Whitworth University,#7,7,TRUE
Alfred State College--SUNY,#8,8,FALSE
Benedictine College,#8,8,TRUE
Brigham Young University--Idaho,#8,8,FALSE
Dordt University,#8,8,FALSE
Saint Joseph's University,#8,8,FALSE
Spring Hill College,#8,8,FALSE
Tuskegee University,#8,8,FALSE
United States Military Academy at West Point,#8,8,FALSE
William Jewell College,#8,8,TRUE
Bowdoin College,#9,9,TRUE
Brigham Young University--Hawaii,#9,9,FALSE
Brown University,#9,9,TRUE
Carleton College,#9,9,TRUE
College of Charleston,#9,9,TRUE
College of Mount St. Vincent,#9,9,TRUE
CUNY--Baruch College,#9,9,FALSE
Huntingdon College,#9,9,FALSE
Johns Hopkins University,#9,9,TRUE
Kettering University,#9,9,FALSE
Northwestern University,#9,9,TRUE
Point Loma Nazarene University,#9,9,FALSE
Savannah College of Art and Design,#9,9,TRUE
SUNY College of Technology at Canton,#9,9,TRUE
Barton College,#10,10,TRUE
California State University--Stanislaus,#10,10,FALSE
Hamline University,#10,10,FALSE
Hiram College,#10,10,TRUE
Lake Superior State University,#10,10,TRUE
Marist College,#10,10,FALSE
Newberry College,#10,10,TRUE
Barnard College,#11,11,TRUE
California Lutheran University,#11,11,TRUE
Claremont McKenna College,#11,11,TRUE
Dominican University,#11,11,TRUE
Florida Southern College,#11,11,TRUE
Grinnell College,#11,11,TRUE
Massachusetts Maritime Academy,#11,11,FALSE
Middlebury College,#11,11,TRUE
Mount Saint Mary's University,#11,11,TRUE
Texas Lutheran University,#11,11,TRUE
University of Maine at Farmington,#11,11,FALSE
University of Northern Iowa,#11,11,TRUE
Warner Pacific University,#11,11,TRUE
Wesleyan University,#11,11,TRUE
Winthrop University,#11,11,TRUE
Colby-Sawyer College,#12,12,TRUE
Columbia University,#12,12,TRUE
Cornell University,#12,12,TRUE
Goshen College,#12,12,TRUE
Keene State College,#12,12,TRUE
LaGrange College,#12,12,FALSE
Loras College,#12,12,TRUE
SUNY Cobleskill,#12,12,TRUE
SUNY--Geneseo,#12,12,FALSE
University of Antelope Valley,#12,12,FALSE
University of Chicago,#12,12,TRUE
University of Pittsburgh at Johnstown,#12,12,TRUE
Christian Brothers University,#13,13,TRUE
Emerson College,#13,13,TRUE
Indiana Wesleyan University,#13,13,TRUE
Ithaca College,#13,13,TRUE
John Brown University,#13,13,TRUE
Lewis University,#13,13,TRUE
Manhattan College,#13,13,TRUE
North Florida College,#13,13,FALSE
Pacific Union College,#13,13,FALSE
Rockhurst University,#13,13,TRUE
Siena College,#13,13,TRUE
University of Evansville,#13,13,TRUE
University of Washington Tacoma,#13,13,FALSE
Baptist College of Florida,#14,14,FALSE
California State University--Monterey Bay,#14,14,TRUE
St. Mary's University of San Antonio,#14,14,TRUE
Trine University,#14,14,FALSE
University of Silicon Valley,#14,14,FALSE
Averett University,#15,15,TRUE
John Paul the Great Catholic University,#15,15,TRUE
Milligan University,#15,15,FALSE
Millikin University,#15,15,TRUE
Southwestern Adventist University,#15,15,TRUE
Tennessee Wesleyan University,#15,15,TRUE
Trinity Christian College,#15,15,TRUE
Union College (NE),#15,15,TRUE
"University of California, Berkeley",#15,15,TRUE
"University of California, Los Angeles",#15,15,TRUE
University of Hawaii--West Oahu,#15,15,TRUE
California State University--Chico,#16,16,FALSE
Davidson College,#16,16,TRUE
Farmingdale State College--SUNY,#16,16,TRUE
Georgia College & State University,#16,16,TRUE
Hamilton College,#16,16,TRUE
Harvey Mudd College,#16,16,TRUE
Queens University of Charlotte,#16,16,TRUE
Smith College,#16,16,TRUE
University of Tampa,#16,16,TRUE
Vassar College,#16,16,TRUE
Vaughn College of Aeronautics and Technology,#16,16,TRUE
Xavier University of Louisiana,#16,16,TRUE
Augsburg University,#17,17,TRUE
Augustana University,#17,17,TRUE
Blue Mountain Christian University,#17,17,TRUE
CUNY--John Jay College of Criminal Justice,#17,17,TRUE
Le Moyne College,#17,17,TRUE
Monmouth University,#17,17,TRUE
Rice University,#17,17,FALSE
St. Bonaventure University,#17,17,TRUE
University of Michigan--Dearborn,#17,17,TRUE
Welch College,#17,17,TRUE
Arizona Christian University,#18,18,TRUE
"California State University, Sacramento",#18,18,TRUE
Dartmouth College,#18,18,TRUE
Dominican University of California,#18,18,TRUE
Marietta College,#18,18,FALSE
Montana State University--Northern,#18,18,TRUE
St. Francis College,#18,18,FALSE
University of Dallas,#18,18,TRUE
Vanderbilt University,#18,18,TRUE
Snow College,#19,19,FALSE
Wisconsin Lutheran College,#19,19,FALSE
Colorado Mesa University,#20,20,TRUE
Hastings College,#20,20,FALSE
Lander University,#20,20,TRUE
Life Pacific University,#20,20,TRUE
Mars Hill University,#20,20,TRUE
Otterbein University,#20,20,FALSE
SUNY College of Technology--Delhi,#20,20,TRUE
University of Montevallo,#20,20,FALSE
University of Notre Dame,#20,20,FALSE
University of Pittsburgh at Bradford,#20,20,TRUE
California State University--Los Angeles,#21,21,TRUE
Cedarville University,#21,21,TRUE
Colgate University,#21,21,TRUE
CUNY--Hunter College,#21,21,TRUE
Emory & Henry College,#21,21,TRUE
Haverford College,#21,21,TRUE
Longwood University,#21,21,TRUE
Montserrat College of Art,#21,21,FALSE
New York Institute of Technology,#21,21,TRUE
Towson University,#21,21,TRUE
University of Michigan--Ann Arbor,#21,21,FALSE
University of Minnesota Duluth,#21,21,TRUE
University of Wisconsin--Eau Claire,#21,21,TRUE
Washington and Lee University,#21,21,TRUE
Westminster University (UT),#21,21,TRUE
Bluffton University,#22,22,TRUE
CUNY--New York City College of Technology,#22,22,FALSE
Georgetown University,#22,22,TRUE
Kentucky Wesleyan College,#22,22,TRUE
St. Augustine College,#22,22,TRUE
University of North Carolina at Chapel Hill,#22,22,TRUE
University of South Carolina Upstate,#22,22,TRUE
Bethel College,#23,23,TRUE
Boricua College,#23,23,TRUE
Converse University,#23,23,FALSE
Dakota Wesleyan University,#23,23,TRUE
Davis and Elkins College,#23,23,FALSE
Fort Lewis College,#23,23,TRUE
McMurry University,#23,23,TRUE
North Central University,#23,23,TRUE
Thiel College,#23,23,TRUE
University of Montana Western,#23,23,TRUE
Asbury University,#24,24,TRUE
Bates College,#24,24,FALSE
Bob Jones University,#24,24,TRUE
Carnegie Mellon University,#24,24,TRUE
Emory University,#24,24,TRUE
Johnson & Wales University--Charlotte,#24,24,TRUE
North Central College,#24,24,TRUE
SUNY--New Paltz,#24,24,FALSE
University of Illinois--Springfield,#24,24,TRUE
University of Virginia,#24,24,TRUE
Washington University in St. Louis,#24,24,TRUE
Western Washington University,#24,24,FALSE
West Virginia Wesleyan College,#24,24,TRUE
William Peace University,#24,24,TRUE
California State University--Northridge,#25,25,TRUE
Colby College,#25,25,TRUE
Pacific Lutheran University,#25,25,TRUE
Paul Smith's College,#25,25,FALSE
SUNY Maritime College,#25,25,TRUE
SUNY Polytechnic Institute,#25,25,TRUE
University of Richmond,#25,25,TRUE
ArtCenter College of Design,#26,26,FALSE
Drury University,#26,26,TRUE
Franciscan University of Steubenville,#26,26,TRUE
Lewis-Clark State College,#26,26,FALSE
North Carolina Central University,#26,26,FALSE
South Dakota School of Mines and Technology,#26,26,TRUE
SUNY Morrisville,#26,26,FALSE
Central Methodist University -- College of Liberal Arts and Sciences,#27,27,TRUE
College of the Holy Cross,#27,27,TRUE
CUNY--Lehman College,#27,27,TRUE
Macalester College,#27,27,TRUE
McPherson College,#27,27,TRUE
Mississippi University for Women,#27,27,TRUE
Mount Aloysius College,#27,27,FALSE
Ramapo College of New Jersey,#27,27,TRUE
Salve Regina University,#27,27,TRUE
Sonoma State University,#27,27,FALSE
University of Advancing Technology,#27,27,FALSE
University of Tennessee at Martin,#27,27,TRUE
University of West Florida,#27,27,TRUE
Alaska Pacific University,#28,28,FALSE
California Institute of the Arts,#28,28,TRUE
California State University--Channel Islands,#28,28,TRUE
"California State University, San Marcos",#28,28,TRUE
Elizabeth City State University,#28,28,TRUE
Hilbert College,#28,28,FALSE
Lees-McRae College,#28,28,TRUE
"University of California, Davis",#28,28,TRUE
"University of California, San Diego",#28,28,TRUE
University of Florida,#28,28,TRUE
University of Southern California,#28,28,TRUE
Adrian College,#29,29,TRUE
Dean College,#29,29,TRUE
EDP University of Puerto Rico Inc--San Juan,#29,29,FALSE
Keystone College,#29,29,TRUE
Rocky Mountain College of Art and Design,#29,29,FALSE
University of Nebraska at Kearney,#29,29,FALSE
Valley City State University,#29,29,TRUE
Wilmington College,#29,29,TRUE
Belmont Abbey College,#30,30,TRUE
Berea College,#30,30,TRUE
Bryn Mawr College,#30,30,TRUE
Bucknell University,#30,30,TRUE
California Baptist University,#30,30,TRUE
Chaminade University of Honolulu,#30,30,TRUE
Howard Payne University,#30,30,FALSE
Lafayette College,#30,30,TRUE
Niagara University,#30,30,TRUE
North Park University,#30,30,FALSE
St. Francis University,#30,30,TRUE
SUNY--Oneonta,#30,30,TRUE
Toccoa Falls College,#30,30,TRUE
Johnson University (TN),#31,31,TRUE
Lee University,#31,31,TRUE
Murray State University,#31,31,TRUE
Rogers State University,#31,31,FALSE
Bard College at Simon's Rock,#32,32,TRUE
California Polytechnic State University -- Humboldt,#32,32,FALSE
Carthage College,#32,32,TRUE
Northern New Mexico College,#32,32,TRUE
Ottawa University,#32,32,TRUE
Sterling College (VT),#32,32,TRUE
University of Minnesota Crookston,#32,32,TRUE
University of Mount Union,#32,32,TRUE
University of Texas at Austin,#32,32,FALSE
Utah Tech University,#32,32,TRUE
Webster University,#32,32,TRUE
Austin Peay State University,#33,33,TRUE
Brevard College,#33,33,TRUE
Canisius University,#33,33,TRUE
The College of Westchester,#33,33,FALSE
Colorado College,#33,33,FALSE
Columbia College (SC),#33,33,TRUE
Georgia Institute of Technology,#33,33,TRUE
Merrimack College,#33,33,TRUE
Messiah University,#33,33,TRUE
Northland College,#33,33,FALSE
Rider University,#33,33,TRUE
Saint Martin's University,#33,33,FALSE
"University of California, Irvine",#33,33,TRUE
University of North Alabama,#33,33,TRUE
University of Puerto Rico--Humacao,#33,33,TRUE
Wentworth Institute of Technology,#33,33,TRUE
Alice Lloyd College,#34,34,TRUE
California State University--Bakersfield,#34,34,TRUE
Jarvis Christian University,#34,34,TRUE
Kentucky State University,#34,34,TRUE
LeTourneau University,#34,34,TRUE
Mount Holyoke College,#34,34,FALSE
New Mexico Tech,#34,34,TRUE
Reinhardt University,#34,34,TRUE
University of Arkansas -- Fort Smith,#34,34,TRUE
University of Puerto Rico--Arecibo,#34,34,TRUE
Wiley College,#34,34,TRUE
Ashland University,#35,35,TRUE
Blackburn College,#35,35,FALSE
Central Penn College,#35,35,TRUE
Franklin & Marshall College,#35,35,TRUE
Huston-Tillotson University,#35,35,TRUE
Mitchell College,#35,35,TRUE
Nevada State University,#35,35,TRUE
New York University,#35,35,TRUE
Occidental College,#35,35,TRUE
Saint Mary-of-the-Woods College,#35,35,TRUE
Scripps College,#35,35,TRUE
"University of California, Santa Barbara",#35,35,TRUE
University of Illinois Urbana-Champaign,#35,35,TRUE
University of Maine--Fort Kent,#35,35,TRUE
University of Wisconsin--Madison,#35,35,TRUE
Winona State University,#35,35,TRUE
Berkeley College (NY),#36,36,TRUE
Coastal Carolina University,#36,36,TRUE
Culver-Stockton College,#36,36,TRUE
Freed-Hardeman University,#36,36,TRUE
Jacksonville University,#36,36,TRUE
North Greenville University,#36,36,TRUE
Quincy University,#36,36,TRUE
Tabor College,#36,36,TRUE
University of Maine--Presque Isle,#36,36,TRUE
University of Valley Forge,#36,36,TRUE
Central Washington University,#37,37,FALSE
Huntington University,#37,37,FALSE
Oklahoma Panhandle State University,#37,37,FALSE
California State University--Dominguez Hills,#38,38,FALSE
Carroll University,#38,38,TRUE
CUNY--Brooklyn College,#38,38,FALSE
Nebraska Wesleyan University,#38,38,TRUE
Paul Quinn College,#38,38,FALSE
Saint Xavier University,#38,38,TRUE
Skidmore College,#38,38,FALSE
The University of Olivet,#38,38,FALSE
Western Illinois University,#38,38,TRUE
Berklee College of Music,#39,39,TRUE
Bismarck State College,#39,39,FALSE
Boston College,#39,39,FALSE
Denison University,#39,39,TRUE
Elizabethtown College,#39,39,TRUE
Endicott College,#39,39,TRUE
Hillsdale College,#39,39,TRUE
Kenyon College,#39,39,TRUE
Moravian University,#39,39,TRUE
Pitzer College,#39,39,TRUE
Seton Hill University,#39,39,TRUE
Spelman College,#39,39,TRUE
Stephen F. Austin State University,#39,39,FALSE
SUNY Oswego,#39,39,TRUE
Trinity College,#39,39,TRUE
Fisher College,#40,40,FALSE
Lenoir-Rhyne University,#40,40,FALSE
Northern Marianas College,#40,40,FALSE
Rutgers University--New Brunswick,#40,40,TRUE
Tufts University,#40,40,TRUE
University of Washington,#40,40,TRUE
Williams Baptist University,#40,40,FALSE
Woodbury University,#40,40,FALSE
Anderson University,#41,41,TRUE
Art Institute of Houston,#41,41,FALSE
Dalton State College,#41,41,TRUE
Donnelly College,#41,41,TRUE
Emmaus Bible College,#41,41,TRUE
Eureka College,#41,41,TRUE
Fresno Pacific University,#41,41,TRUE
Kansas Wesleyan University,#41,41,TRUE
La Sierra University,#41,41,TRUE
Montana Technological University,#41,41,TRUE
Southern Adventist University,#41,41,TRUE
University of Arkansas--Pine Bluff,#41,41,TRUE
University of North Georgia,#41,41,TRUE
Virginia State University,#41,41,TRUE
South Texas College,#42,42,FALSE
Boston University,#43,43,TRUE
Colorado Mountain College,#43,43,TRUE
Erskine College,#43,43,TRUE
Florida Memorial University,#43,43,TRUE
Inter American University of Puerto Rico--Barranquitas,#43,43,TRUE
Northwestern College,#43,43,TRUE
The Ohio State University,#43,43,TRUE
Purdue University--Main Campus,#43,43,TRUE
Southwestern Christian University,#43,43,TRUE
University of Wisconsin--Whitewater,#43,43,TRUE
Brescia University,#44,44,TRUE
Faith Baptist Bible College and Theological Seminary,#44,44,FALSE
Northwest University,#44,44,TRUE
Oklahoma Baptist University,#44,44,TRUE
Texas A&M International University,#44,44,TRUE
University of North Texas at Dallas,#44,44,TRUE
University of South Carolina Beaufort,#44,44,TRUE
Vanguard University of Southern California,#44,44,TRUE
Columbia International University,#45,45,TRUE
CUNY--Queens College,#45,45,TRUE
Fairleigh Dickinson University,#45,45,TRUE
Morehead State University,#45,45,TRUE
Regis College,#45,45,TRUE
Saint Peter's University,#45,45,TRUE
Sterling College (KS),#45,45,TRUE
"St. Joseph's University, New York",#45,45,TRUE
Union College (NY),#45,45,FALSE
University of North Carolina--Pembroke,#45,45,TRUE
University of Northwestern--St. Paul,#45,45,FALSE
York University,#45,45,TRUE
Connecticut College,#46,46,TRUE
DePauw University,#46,46,TRUE
Dickinson College,#46,46,TRUE
Furman University,#46,46,TRUE
Muskingum University,#46,46,FALSE
"University of Maryland, College Park",#46,46,FALSE
Whitman College,#46,46,TRUE
Bethel University (IN),#47,47,TRUE
Broward College,#47,47,TRUE
Buena Vista University,#47,47,TRUE
Capital University,#47,47,TRUE
Crowley's Ridge College,#47,47,TRUE
Eastern Mennonite University,#47,47,TRUE
Georgia Gwinnett College,#47,47,TRUE
Lehigh University,#47,47,TRUE
Mount Mary University,#47,47,TRUE
North Carolina Wesleyan University,#47,47,TRUE
Olivet Nazarene University,#47,47,TRUE
Southwestern College,#47,47,FALSE
Texas A&M University,#47,47,TRUE
University of Georgia,#47,47,TRUE
University of Puerto Rico--Mayaguez,#47,47,TRUE
University of Rochester,#47,47,TRUE
University of Tennessee Southern,#47,47,TRUE
University of Wisconsin--Stevens Point,#47,47,TRUE
Virginia Tech,#47,47,TRUE
Wake Forest University,#47,47,TRUE
Barclay College,#48,48,FALSE
Dickinson State University,#49,49,FALSE
Eastern Washington University,#49,49,FALSE
Lynn University,#49,49,TRUE
Wheeling University,#49,49,TRUE
Defiance College,#50,50,FALSE
Heritage University,#50,50,TRUE
Marywood University,#50,50,TRUE
Molloy University,#50,50,TRUE
Northwest Nazarene University,#50,50,TRUE
Roger Williams University,#50,50,TRUE
Slippery Rock University of Pennsylvania,#50,50,TRUE
Centre College,#51,51,TRUE
Colorado Christian University,#51,51,FALSE
Oberlin College and Conservatory,#51,51,TRUE
Principia College,#51,51,TRUE
Rochester University,#51,51,FALSE
St. Olaf College,#51,51,TRUE
The University of the South,#51,51,TRUE
Alcorn State University,#52,52,TRUE
Emmanuel University,#52,52,TRUE
Ferrum College,#52,52,TRUE
Glenville State University,#52,52,TRUE
Midwestern State University,#52,52,TRUE
Minnesota State University--Moorhead,#52,52,FALSE
Piedmont University,#52,52,TRUE
Southern Wesleyan University,#52,52,TRUE
University of Puerto Rico--Aguadilla,#52,52,TRUE
University of Puerto Rico--Ponce,#52,52,TRUE
University of Texas Permian Basin,#52,52,TRUE
Voorhees University,#52,52,TRUE
Case Western Reserve University,#53,53,TRUE
Dunwoody College of Technology,#53,53,TRUE
Florida State University,#53,53,TRUE
Hannibal-LaGrange University,#53,53,TRUE
Heidelberg University,#53,53,TRUE
Lawrence Technological University,#53,53,TRUE
Northeastern University,#53,53,TRUE
Notre Dame College of Ohio,#53,53,TRUE
"University of Minnesota, Twin Cities",#53,53,TRUE
William & Mary,#53,53,TRUE
Assumption University,#54,54,TRUE
Mercyhurst University,#54,54,TRUE
Nazareth University,#54,54,TRUE
Notre Dame of Maryland University,#54,54,TRUE
Salisbury University,#54,54,TRUE
SUNY Plattsburgh,#54,54,TRUE
Walla Walla University,#54,54,FALSE
Delta State University,#55,55,TRUE
Francis Marion University,#55,55,TRUE
Grace Christian University,#55,55,FALSE
Grace College and Seminary,#55,55,TRUE
Norfolk State University,#55,55,TRUE
Siena Heights University,#55,55,TRUE
Troy University,#55,55,TRUE
Alverno College,#56,56,TRUE
Benedictine University,#56,56,TRUE
Jessup University,#56,56,TRUE
Kuyper College,#56,56,FALSE
Mount Mercy University,#56,56,TRUE
Oklahoma Christian University,#56,56,TRUE
Rhodes College,#56,56,TRUE
Soka University of America,#56,56,TRUE
West Texas A&M University,#56,56,TRUE
Wheaton College (IL),#56,56,TRUE
Abraham Baldwin Agricultural College,#57,57,TRUE
Bluefield State University,#57,57,TRUE
God's Bible School and College,#57,57,TRUE
William Penn University,#57,57,TRUE
Miami University--Hamilton,#58,58,TRUE
Miami University--Middletown,#58,58,TRUE
Stony Brook University--SUNY,#58,58,TRUE
University of Connecticut,#58,58,TRUE
Charleston Southern University,#59,59,TRUE
King University,#59,59,TRUE
St. Lawrence University,#59,59,TRUE
Trinity University,#59,59,TRUE
University of South Carolina Aiken,#59,59,TRUE
Wabash College,#59,59,TRUE
Weber State University,#59,59,FALSE
Wofford College,#59,59,TRUE
Brandeis University,#60,60,TRUE
Cornerstone University,#60,60,TRUE
Eastern Illinois University,#60,60,TRUE
Elms College,#60,60,TRUE
Hood College,#60,60,TRUE
Iona University,#60,60,TRUE
Manchester University,#60,60,TRUE
Mayville State University,#60,60,FALSE
Michigan State University,#60,60,TRUE
North Carolina State University,#60,60,TRUE
Northern Michigan University,#60,60,TRUE
The Pennsylvania State University--University Park,#60,60,TRUE
Philander Smith College,#60,60,FALSE
Rensselaer Polytechnic Institute,#60,60,TRUE
Santa Clara University,#60,60,TRUE
Southern Utah University,#60,60,TRUE
SUNY College--Cortland,#60,60,TRUE
"University of California, Merced",#60,60,TRUE
University of Wisconsin--Platteville,#60,60,TRUE
University of Wisconsin--River Falls,#60,60,TRUE
Western Oregon University,#60,60,TRUE
Florida College,#61,61,TRUE
Louisiana State University--Alexandria,#61,61,TRUE
Talladega College,#61,61,TRUE
Northeastern State University,#62,62,TRUE
University of Houston--Downtown,#62,62,TRUE
University of Rio Grande,#62,62,TRUE
West Liberty University,#62,62,FALSE
Wilberforce University,#62,62,TRUE
Agnes Scott College,#63,63,TRUE
Auburn University at Montgomery,#63,63,TRUE
Bethany College (KS),#63,63,FALSE
Bryan College,#63,63,TRUE
Gettysburg College,#63,63,TRUE
Jacksonville State University,#63,63,TRUE
Limestone University,#63,63,TRUE
Truett McConnell University,#63,63,TRUE
Virginia Military Institute,#63,63,TRUE
Calvary University,#64,64,TRUE
Columbus State University,#64,64,TRUE
Kentucky Christian University,#64,64,FALSE
Lebanon Valley College,#64,64,TRUE
Lincoln University (MO),#64,64,TRUE
Monroe College,#64,64,TRUE
Southern Connecticut State University,#64,64,TRUE
Southwestern Oklahoma State University,#64,64,TRUE
Spalding University,#64,64,TRUE
SUNY Brockport,#64,64,TRUE
University of Guam,#64,64,TRUE
University of Northwestern Ohio,#64,64,TRUE
Utica University,#64,64,TRUE
Edward Waters University,#66,66,FALSE
Houston Christian University,#66,66,FALSE
University of Wisconsin--Green Bay,#66,66,FALSE
Anderson University (IN),#67,67,TRUE
Coker University,#67,67,FALSE
George Washington University,#67,67,TRUE
Gustavus Adolphus College,#67,67,TRUE
Minnesota State University--Mankato,#67,67,TRUE
Mount Vernon Nazarene University,#67,67,TRUE
Reed College,#67,67,TRUE
Schreiner University,#67,67,TRUE
Spring Arbor University,#67,67,TRUE
Syracuse University,#67,67,TRUE
Thomas Aquinas College,#67,67,TRUE
University of Central Missouri,#67,67,TRUE
University of Central Oklahoma,#67,67,TRUE
University of Massachusetts--Amherst,#67,67,TRUE
University of Miami,#67,67,TRUE
University of Pittsburgh,#67,67,TRUE
University of Wisconsin--Stout,#67,67,TRUE
Villanova University,#67,67,TRUE
Alderson Broaddus University,#68,68,TRUE
Central Baptist College,#68,68,TRUE
Chowan University,#68,68,TRUE
College of Coastal Georgia,#68,68,TRUE
Alfred University,#69,69,TRUE
Arcadia University,#69,69,TRUE
Central Connecticut State University,#69,69,TRUE
Eastern Connecticut State University,#69,69,TRUE
The Evergreen State College,#69,69,TRUE
Fayetteville State University,#69,69,TRUE
Fitchburg State University,#69,69,TRUE
Florida National University,#69,69,TRUE
Fort Valley State University,#69,69,TRUE
Johnson & Wales University--Providence,#69,69,TRUE
Mount St. Mary's University,#69,69,TRUE
Nicholls State University,#69,69,TRUE
Southern Oregon University,#69,69,TRUE
SUNY--Fredonia,#69,69,TRUE
Wagner College,#69,69,TRUE
William Paterson University of New Jersey,#69,69,TRUE
Hobart and William Smith Colleges,#70,70,TRUE
Kalamazoo College,#70,70,TRUE
Muhlenberg College,#70,70,TRUE
Corban University,#71,71,FALSE
Pfeiffer University,#71,71,FALSE
Angelo State University,#72,72,FALSE
Bard College,#72,72,FALSE
Montreat College,#72,72,FALSE
Arkansas Tech University,#73,73,TRUE
Binghamton University--SUNY,#73,73,TRUE
Bushnell University,#73,73,TRUE
College of St. Benedict,#73,73,TRUE
Hawaii Pacific University,#73,73,TRUE
Indiana University--Bloomington,#73,73,TRUE
Lake Forest College,#73,73,TRUE
Northwestern State University of Louisiana,#73,73,TRUE
Tulane University,#73,73,TRUE
University of the Virgin Islands,#73,73,TRUE
Fontbonne University,#74,74,TRUE
Inter American University of Puerto Rico--Guayama,#74,74,TRUE
Oral Roberts University,#74,74,TRUE
Point University,#74,74,TRUE
Stillman College,#74,74,TRUE
Viterbo University,#74,74,TRUE
Western Colorado University,#74,74,TRUE
Allegheny College,#75,75,TRUE
The College of Wooster,#75,75,TRUE
Knox College,#75,75,TRUE
Lawrence University,#75,75,TRUE
Southern Nazarene University,#75,75,TRUE
St. John's College (MD),#75,75,TRUE
Texas A&M University--Texarkana,#75,75,TRUE
Wheaton College (MA),#75,75,TRUE
Willamette University,#75,75,TRUE
College of Saint Mary,#76,76,TRUE
Colorado School of Mines,#76,76,TRUE
Concordia University (NE),#76,76,TRUE
Inter American University of Puerto Rico--Ponce,#76,76,TRUE
Mid-Atlantic Christian University,#76,76,TRUE
Midway University,#76,76,TRUE
Northwest Missouri State University,#76,76,TRUE
Pepperdine University,#76,76,TRUE
St. Cloud State University,#76,76,TRUE
Stevens Institute of Technology,#76,76,TRUE
University at Buffalo--SUNY,#76,76,TRUE
"University of California, Riverside",#76,76,TRUE
University of Delaware,#76,76,TRUE
University of Mobile,#76,76,TRUE
University of Saint Francis,#76,76,TRUE
University of Sioux Falls,#76,76,TRUE
University of Southern Indiana,#76,76,TRUE
Livingstone College,#78,78,FALSE
University of Mount Olive,#78,78,FALSE
Concordia University Texas,#79,79,TRUE
Morris College,#79,79,FALSE
Oklahoma Wesleyan University,#79,79,TRUE
Shepherd University,#79,79,TRUE
South Carolina State University,#79,79,TRUE
Thomas More University,#79,79,TRUE
University of West Alabama,#79,79,TRUE
Caldwell University,#80,80,TRUE
Framingham State University,#80,80,TRUE
Manhattanville College,#80,80,TRUE
McDaniel College,#80,80,TRUE
SUNY Potsdam,#80,80,TRUE
University of Saint Joseph,#80,80,TRUE
Webber International University,#80,80,FALSE
York College of Pennsylvania,#80,80,TRUE
American University of Puerto Rico--Bayamon,#81,81,TRUE
Hope International University,#81,81,FALSE
Inter American University of Puerto Rico--Fajardo,#81,81,TRUE
Miami International University of Art & Design,#81,81,TRUE
University of Puerto Rico--Bayamon,#81,81,TRUE
Colorado State University--Pueblo,#82,82,TRUE
Juniata College,#82,82,TRUE
Lubbock Christian University,#82,82,TRUE
Multnomah University,#82,82,TRUE
Rutgers University--Newark,#82,82,TRUE
Saint Mary's College,#82,82,TRUE
Southwestern Assemblies of God University,#82,82,TRUE
St. John's University (MN),#82,82,TRUE
St. Mary's College of Maryland,#82,82,TRUE
"University of California, Santa Cruz",#82,82,TRUE
University of Illinois--Chicago,#82,82,TRUE
Worcester Polytechnic Institute,#82,82,TRUE
Bemidji State University,#83,83,TRUE
Emporia State University,#83,83,TRUE
Geneva College,#83,83,FALSE
Stephens College,#83,83,TRUE
Doane University,#84,84,TRUE
Eastern Oregon University,#84,84,TRUE
East Texas Baptist University,#84,84,TRUE
Madonna University,#84,84,TRUE
McKendree University,#84,84,TRUE
Southeastern Louisiana University,#84,84,FALSE
University of Dubuque,#84,84,TRUE
Cumberland University,#85,85,FALSE
South Georgia State College,#85,85,FALSE
Beloit College,#86,86,TRUE
Benedict College,#86,86,TRUE
Clemson University,#86,86,TRUE
Concord University,#86,86,TRUE
Marquette University,#86,86,TRUE
McNeese State University,#86,86,TRUE
Miles College,#86,86,TRUE
New Jersey Institute of Technology,#86,86,TRUE
Northwestern Oklahoma State University,#86,86,TRUE
Saint Augustine's University,#86,86,TRUE
Southern Arkansas University,#86,86,TRUE
Stonehill College,#86,86,TRUE
Tusculum University,#86,86,TRUE
University of Alaska--Anchorage,#86,86,TRUE
University of Holy Cross,#86,86,TRUE
Ursinus College,#86,86,TRUE
Carlow University,#87,87,TRUE
Cedar Crest College,#87,87,TRUE
University of New Haven,#87,87,TRUE
Northern State University,#88,88,TRUE
Southeast Missouri State University,#88,88,TRUE
Ursuline College,#88,88,TRUE
Fordham University,#89,89,TRUE
Inter American University of Puerto Rico--Bayamon,#89,89,TRUE
Saint Anselm College,#89,89,TRUE
Southern Methodist University,#89,89,TRUE
Southwestern University,#89,89,TRUE
St. Andrews University,#89,89,TRUE
Temple University,#89,89,TRUE
University of Puget Sound,#89,89,TRUE
University of South Florida,#89,89,TRUE
Washington & Jefferson College,#89,89,TRUE
Norwich University,#90,90,FALSE
Prescott College,#90,90,FALSE
Bridgewater State University,#91,91,TRUE
Champlain College,#91,91,TRUE
Clayton State University,#91,91,TRUE
Eastern New Mexico University,#91,91,TRUE
King's College,#91,91,TRUE
Methodist University,#91,91,TRUE
NewSchool of Architecture and Design,#91,91,TRUE
Roberts Wesleyan College,#91,91,TRUE
Rocky Mountain College,#91,91,TRUE
Stevenson University,#91,91,TRUE
St. Joseph's College (ME),#91,91,TRUE
"Concordia University, St. Paul",#92,92,TRUE
Grand View University,#92,92,TRUE
Morningside University,#92,92,TRUE
Wayne State College,#92,92,TRUE
Auburn University,#93,93,TRUE
Austin College,#93,93,TRUE
Baylor University,#93,93,TRUE
Drew University,#93,93,TRUE
Gonzaga University,#93,93,TRUE
Inter American University of Puerto Rico--San German,#93,93,TRUE
Lewis & Clark College,#93,93,TRUE
Lindsey Wilson College,#93,93,TRUE
Louisiana State University--Shreveport,#93,93,TRUE
Loyola Marymount University,#93,93,TRUE
St. John's College (NM),#93,93,TRUE
St. Norbert College,#93,93,TRUE
University of Iowa,#93,93,TRUE
Washington College,#93,93,TRUE
Whittier College,#93,93,TRUE
Metropolitan State University of Denver,#94,94,FALSE
SUNY College--Old Westbury,#94,94,TRUE
Westfield State University,#94,94,TRUE
Dakota State University,#95,95,TRUE
East Central University,#95,95,TRUE
Ohio Dominican University,#95,95,TRUE
Sul Ross State University,#95,95,TRUE
University of Houston--Victoria,#95,95,TRUE
University of Saint Mary,#95,95,TRUE
Metropolitan State University,#96,96,TRUE
Mount St. Mary College,#96,96,TRUE
Pittsburg State University,#96,96,TRUE
Rhode Island College,#96,96,TRUE
Saint Elizabeth University,#96,96,TRUE
Salem State University,#96,96,TRUE
Universidad Adventista de las Antillas,#96,96,FALSE
Worcester State University,#96,96,TRUE
Cameron University,#97,97,FALSE
Everglades University,#97,97,FALSE
Alabama A&M University,#98,98,TRUE
Drexel University,#98,98,TRUE
Fairmont State University,#98,98,TRUE
Illinois Institute of Technology,#98,98,TRUE
New Mexico Highlands University,#98,98,TRUE
Rochester Institute of Technology,#98,98,TRUE
Rutgers University--Camden,#98,98,TRUE
San Diego Christian College,#98,98,TRUE
Southeastern Oklahoma State University,#98,98,TRUE
Texas Christian University,#98,98,TRUE
University of Oregon,#98,98,TRUE
University of Providence,#98,98,TRUE
University of San Diego,#98,98,TRUE
Adams State University,#99,99,FALSE
Albany State University,#100,100,TRUE
Antioch College,#100,100,TRUE
Augustana College,#100,100,TRUE
Campbellsville University,#100,100,TRUE
Earlham College,#100,100,TRUE
Grambling State University,#100,100,TRUE
Hope College,#100,100,TRUE
Morehouse College,#100,100,TRUE
New College of Florida,#100,100,TRUE
Sarah Lawrence College,#100,100,TRUE
Concordia University Chicago,#101,101,TRUE
Malone University,#101,101,TRUE
Western Connecticut State University,#101,101,FALSE
Youngstown State University,#101,101,TRUE
Montana State University--Billings,#102,102,FALSE
Georgia Southwestern State University,#103,103,TRUE
Greensboro College,#103,103,TRUE
Indiana University East,#103,103,TRUE
Purdue University--Northwest,#103,103,TRUE
Southwest Minnesota State University,#103,103,TRUE
University of Wisconsin--Parkside,#103,103,TRUE
Washburn University,#103,103,TRUE
West Virginia State University,#103,103,TRUE
Bluefield University,#104,104,TRUE
CUNY--College of Staten Island,#104,104,TRUE
Lasell University,#104,104,TRUE
School of Visual Arts,#104,104,TRUE
Shippensburg University of Pennsylvania,#104,104,TRUE
University of Baltimore,#104,104,TRUE
Utah Valley University,#104,104,FALSE
Warner University,#104,104,TRUE
American University,#105,105,TRUE
Arizona State University,#105,105,TRUE
California State University--Long Beach,#105,105,TRUE
CUNY--City College,#105,105,TRUE
George Mason University,#105,105,TRUE
Louisiana Christian University,#105,105,TRUE
Middle Georgia State University,#105,105,TRUE
Saint Louis University,#105,105,TRUE
San Diego State University,#105,105,TRUE
Shorter University,#105,105,TRUE
University of Colorado Boulder,#105,105,TRUE
"University of Tennessee, Knoxville",#105,105,TRUE
Yeshiva University,#105,105,TRUE
Centenary University,#106,106,FALSE
Linfield University,#107,107,TRUE
Lycoming College,#107,107,TRUE
Randolph-Macon College,#107,107,TRUE
Susquehanna University,#107,107,TRUE
Westmont College,#107,107,TRUE
Evangel University,#108,108,TRUE
Henderson State University,#108,108,FALSE
Judson University,#108,108,TRUE
Avila University,#109,109,TRUE
Fort Hays State University,#109,109,TRUE
Bethel University (TN),#110,110,TRUE
ECPI University,#110,110,TRUE
Life University,#110,110,TRUE
Savannah State University,#110,110,TRUE
Albertus Magnus College,#111,111,TRUE
Delaware State University,#111,111,TRUE
Frostburg State University,#111,111,TRUE
Georgian Court University,#111,111,TRUE
Waynesburg University,#111,111,TRUE
Bennington College,#112,112,TRUE
Greenville University,#112,112,TRUE
Hanover College,#112,112,TRUE
Hendrix College,#112,112,TRUE
Indiana University--South Bend,#112,112,TRUE
MidAmerica Nazarene University,#112,112,TRUE
University of Jamestown,#112,112,TRUE
Westminster College (PA),#112,112,TRUE
Union College (KY),#113,113,FALSE
Brigham Young University,#115,115,TRUE
Howard University,#115,115,TRUE
Iowa State University of Science and Technology,#115,115,TRUE
SUNY College of Environmental Science and Forestry,#115,115,TRUE
University of Arizona,#115,115,TRUE
University of New Hampshire,#115,115,TRUE
University of San Francisco,#115,115,TRUE
The University of Texas at Dallas,#115,115,TRUE
University of Utah,#115,115,TRUE
Cornell College,#116,116,TRUE
Hampden-Sydney College,#116,116,TRUE
Holy Family University,#116,116,TRUE
Kutztown University of Pennsylvania,#116,116,TRUE
Luther College,#116,116,TRUE
Millersville University of Pennsylvania,#116,116,TRUE
Ohio Wesleyan University,#116,116,TRUE
Saint Michael's College,#116,116,TRUE
Indiana University--Kokomo,#117,117,TRUE
Mount Marty University,#117,117,TRUE
Purdue University--Fort Wayne,#117,117,TRUE
Inter American University of Puerto Rico--Aguadilla,#118,118,TRUE
Inter American University of Puerto Rico--Arecibo,#118,118,TRUE
Nichols College,#118,118,FALSE
The College of Saint Rose,#119,119,TRUE
St. Thomas Aquinas College,#119,119,TRUE
SUNY Buffalo State University,#119,119,TRUE
Inter American University of Puerto Rico--Metropolitan Campus,#120,120,TRUE
Lourdes University,#120,120,TRUE
Minot State University,#120,120,TRUE
Mississippi Valley State University,#120,120,TRUE
Saginaw Valley State University,#120,120,TRUE
Universidad del Sagrado Corazon,#120,120,TRUE
Chestnut Hill College,#121,121,TRUE
Graceland University,#121,121,TRUE
Hartwick College,#121,121,TRUE
Lindenwood University,#121,121,TRUE
Massachusetts College of Liberal Arts,#121,121,TRUE
Transylvania University,#121,121,TRUE
Trinity Washington University,#121,121,TRUE
Thomas University,#122,122,FALSE
Bay Path University,#123,123,TRUE
Felician University,#123,123,TRUE
Goldey-Beacom College,#123,123,TRUE
Lincoln University (PA),#123,123,TRUE
Mercy University,#123,123,TRUE
Neumann University,#123,123,TRUE
Albion College,#124,124,TRUE
Columbia College Chicago,#124,124,TRUE
Creighton University,#124,124,TRUE
Fairfield University,#124,124,TRUE
Florida International University,#124,124,TRUE
Friends University,#124,124,TRUE
Goucher College,#124,124,TRUE
Hollins University,#124,124,TRUE
Illinois College,#124,124,TRUE
Indiana Tech,#124,124,TRUE
James Madison University,#124,124,TRUE
Marian University (WI),#124,124,TRUE
Millsaps College,#124,124,TRUE
Newman University,#124,124,TRUE
Saint Vincent College,#124,124,TRUE
University of Central Florida,#124,124,TRUE
University of Denver,#124,124,TRUE
University of Missouri,#124,124,TRUE
University of Oklahoma,#124,124,TRUE
University of South Carolina,#124,124,TRUE
University of Wisconsin--Superior,#124,124,TRUE
Monmouth College,#129,129,FALSE
Bowie State University,#130,130,TRUE
Coe College,#130,130,TRUE
Eckerd College,#130,130,TRUE
Meredith College,#130,130,TRUE
Plymouth State University,#130,130,TRUE
Roanoke College,#130,130,TRUE
University of Minnesota Morris,#130,130,TRUE
York College--CUNY,#130,130,TRUE
Southwest Baptist University,#131,131,FALSE
Chadron State College,#132,132,FALSE
California State University--Fullerton,#133,133,TRUE
Chapman University,#133,133,TRUE
Davenport University,#133,133,TRUE
Elon University,#133,133,TRUE
Indiana University Southeast,#133,133,TRUE
Maranatha Baptist University,#133,133,TRUE
Miami University--Oxford,#133,133,TRUE
Shawnee State University,#133,133,TRUE
University at Albany--SUNY,#133,133,TRUE
University of Dayton,#133,133,TRUE
University of Houston,#133,133,TRUE
"University of Maryland, Baltimore County",#133,133,TRUE
University of Vermont,#133,133,TRUE
Birmingham-Southern College,#135,135,TRUE
Central College,#135,135,TRUE
Covenant College,#135,135,TRUE
East Stroudsburg University,#135,135,TRUE
Pennsylvania Western University,#135,135,TRUE
Castleton University,#136,136,FALSE
Crown College,#137,137,FALSE
Curry College,#137,137,TRUE
Keuka College,#137,137,TRUE
La Roche University,#137,137,TRUE
Rockford University,#138,138,FALSE
Centenary College,#139,139,TRUE
Franklin College,#139,139,TRUE
Hampshire College,#139,139,TRUE
Northeastern Illinois University,#139,139,FALSE
Presbyterian College,#139,139,TRUE
Purchase College--SUNY,#139,139,TRUE
Salem College,#139,139,TRUE
University of North Carolina Asheville,#139,139,TRUE
Lakeland University,#140,140,TRUE
Missouri Western State University,#140,140,TRUE
Eastern University,#141,141,TRUE
Franklin Pierce University,#141,141,TRUE
Indiana University Northwest,#141,141,TRUE
Lancaster Bible College,#141,141,TRUE
Missouri Southern State University,#141,141,TRUE
Clarkson University,#142,142,TRUE
Clark University,#142,142,TRUE
Lake Erie College,#142,142,FALSE
Loyola University Chicago,#142,142,TRUE
Oregon State University,#142,142,TRUE
Thomas Jefferson University,#142,142,TRUE
University of Alabama at Birmingham,#142,142,TRUE
University of Cincinnati,#142,142,TRUE
University of the Pacific,#142,142,TRUE
Virginia Commonwealth University,#142,142,TRUE
Delaware Valley University,#143,143,TRUE
New Jersey City University,#143,143,TRUE
Cairn University,#144,144,TRUE
University of Southern Maine,#144,144,TRUE
Black Hills State University,#145,145,TRUE
Tiffin University,#145,145,TRUE
Albright College,#146,146,TRUE
Concordia College--Moorhead,#146,146,TRUE
Fisk University,#146,146,TRUE
Houghton University,#146,146,TRUE
Ripon College,#146,146,TRUE
Thomas College,#146,146,FALSE
University of New Hampshire at Manchester,#146,146,TRUE
Midland University,#147,147,FALSE
Ohio Christian University,#148,148,TRUE
Peru State College,#148,148,TRUE
Rosemont College,#148,148,TRUE
University of the District of Columbia,#148,148,TRUE
Wilson College,#150,150,FALSE
Colorado State University,#151,151,TRUE
DePaul University,#151,151,TRUE
Duquesne University,#151,151,TRUE
Michigan Technological University,#151,151,TRUE
Seton Hall University,#151,151,TRUE
Simmons University,#151,151,TRUE
University of Kansas,#151,151,TRUE
University of Rhode Island,#151,151,TRUE
Emmanuel College,#152,152,TRUE
Wells College,#152,152,TRUE
Wittenberg University,#152,152,TRUE
University of Mary Washington,#154,154,FALSE
Aquinas College,#156,156,TRUE
College of the Atlantic,#156,156,TRUE
Wartburg College,#156,156,TRUE
Bethany Lutheran College,#159,159,TRUE
Claflin University,#159,159,TRUE
Dillard University,#159,159,TRUE
Stockton University,#159,159,TRUE
University of Kentucky,#159,159,TRUE
University of Massachusetts--Lowell,#159,159,TRUE
University of Nebraska -- Lincoln,#159,159,TRUE
Adelphi University,#163,163,TRUE
Gordon College,#163,163,TRUE
Montclair State University,#163,163,TRUE
Oglethorpe University,#163,163,TRUE
Rowan University,#163,163,TRUE
Seattle University,#163,163,TRUE
St. John's University (NY),#163,163,TRUE
University of Mississippi,#163,163,TRUE
University of St. Thomas (MN),#163,163,TRUE
Westminster College (MO),#164,164,FALSE
Randolph College,#165,165,TRUE
University of Virginia--Wise,#165,165,TRUE
Bridgewater College,#167,167,TRUE
Guilford College,#167,167,TRUE
The King's College,#167,167,TRUE
Lyon College,#167,167,TRUE
University of Puerto Rico--Cayey,#167,167,TRUE
California State University--San Bernardino,#170,170,TRUE
Florida A&M University,#170,170,TRUE
Kansas State University,#170,170,TRUE
Mercer University,#170,170,TRUE
Quinnipiac University,#170,170,TRUE
The University of Alabama,#170,170,TRUE
University of Hawaii at Manoa,#170,170,TRUE
University of La Verne,#170,170,TRUE
Johnson C. Smith University,#172,172,TRUE
Maryville College,#172,172,TRUE
Bryn Athyn College of the New Church,#174,174,TRUE
Marymount Manhattan College,#174,174,TRUE
Simpson University,#174,174,TRUE
Virginia Wesleyan University,#174,174,TRUE
The Catholic University of America,#178,178,TRUE
Drake University,#178,178,TRUE
Oakwood University,#178,178,TRUE
Ohio University,#178,178,TRUE
Ouachita Baptist University,#178,178,TRUE
San Francisco State University,#178,178,TRUE
University of Arkansas,#178,178,TRUE
University of North Carolina--Charlotte,#178,178,TRUE
Washington State University,#178,178,TRUE
Bennett College,#180,180,TRUE
Sweet Briar College,#180,180,TRUE
Tougaloo College,#181,181,FALSE
Ave Maria University,#182,182,TRUE
Cheyney University of Pennsylvania,#182,182,TRUE
Medgar Evers College--CUNY,#182,182,TRUE
Bradley University,#185,185,TRUE
"California State University, Fresno",#185,185,TRUE
Hofstra University,#185,185,TRUE
Louisiana State University--Baton Rouge,#185,185,TRUE
Missouri University of Science and Technology,#185,185,TRUE
Oklahoma State University,#185,185,TRUE
Samford University,#185,185,TRUE
St. John Fisher University,#185,185,TRUE
University of Detroit Mercy,#185,185,TRUE
University of Idaho,#185,185,TRUE
East Carolina University,#195,195,TRUE
Russell Sage College,#195,195,TRUE
Touro University,#195,195,TRUE
University of Louisville,#195,195,TRUE
"University of Nevada, Reno",#195,195,TRUE
University of Tulsa,#195,195,TRUE
Indiana University-Purdue University--Indianapolis,#201,201,TRUE
La Salle University,#201,201,TRUE
The New School,#201,201,TRUE
Robert Morris University,#201,201,TRUE
University of North Carolina--Wilmington,#201,201,TRUE
Valparaiso University,#201,201,TRUE
Wayne State University,#201,201,TRUE
Xavier University,#201,201,TRUE
Chatham University,#209,209,TRUE
Florida Atlantic University,#209,209,TRUE
Illinois State University,#209,209,TRUE
Pacific University,#209,209,TRUE
Sacred Heart University,#209,209,TRUE
University of Massachusetts--Dartmouth,#209,209,TRUE
West Chester University of Pennsylvania,#209,209,TRUE
Ball State University,#216,216,TRUE
The College of St. Scholastica,#216,216,TRUE
Mississippi State University,#216,216,TRUE
Springfield College,#216,216,TRUE
St. Catherine University,#216,216,TRUE
Texas Tech University,#216,216,TRUE
University of Massachusetts--Boston,#216,216,TRUE
University of North Carolina at Greensboro,#216,216,TRUE
University of St. Thomas (TX),#216,216,TRUE
University of Wyoming,#216,216,TRUE
West Virginia University,#216,216,TRUE
Georgia State University,#227,227,TRUE
Kent State University,#227,227,TRUE
Misericordia University,#227,227,TRUE
Nova Southeastern University,#227,227,TRUE
University of Alabama at Huntsville,#227,227,TRUE
University of Texas Rio Grande Valley,#227,227,TRUE
Western Carolina University,#227,227,TRUE
Widener University,#227,227,TRUE
Grand Valley State University,#235,235,FALSE
Azusa Pacific University,#236,236,TRUE
Belmont University,#236,236,TRUE
Bethel University (MN),#236,236,TRUE
Biola University,#236,236,TRUE
Gallaudet University,#236,236,TRUE
Lipscomb University,#236,236,TRUE
University of Colorado Denver,#236,236,TRUE
University of New Mexico,#236,236,TRUE
University of North Dakota,#236,236,TRUE
University of North Florida,#236,236,TRUE
The University of Texas at Arlington,#236,236,TRUE
Western New England University,#236,236,TRUE
Keiser University,#249,249,TRUE
Maryville University of St. Louis,#249,249,TRUE
North Dakota State University,#249,249,TRUE
Northern Arizona University,#249,249,TRUE
Pace University,#249,249,TRUE
Sam Houston State University,#249,249,TRUE
Suffolk University,#249,249,TRUE
Tennessee Tech University,#249,249,TRUE
Union University,#249,249,TRUE
University of Maine,#249,249,TRUE
University of Wisconsin--La Crosse,#249,249,TRUE
Central Michigan University,#260,260,TRUE
Gannon University,#260,260,TRUE
Gwynedd Mercy University,#260,260,TRUE
Loyola University New Orleans,#260,260,TRUE
Regis University,#260,260,TRUE
University of Missouri--St. Louis,#260,260,TRUE
University of New England,#260,260,TRUE
University of North Texas,#260,260,TRUE
Winston-Salem State University,#260,260,TRUE
Florida Institute of Technology,#269,269,TRUE
George Fox University,#269,269,TRUE
Lincoln Memorial University,#269,269,TRUE
Northern Illinois University,#269,269,TRUE
Seattle Pacific University,#269,269,TRUE
University of Memphis,#269,269,TRUE
University of Missouri--Kansas City,#269,269,TRUE
"University of Nevada, Las Vegas",#269,269,TRUE
University of South Dakota,#269,269,TRUE
Utah State University,#269,269,TRUE
Wilkes University,#269,269,TRUE
Bellarmine University,#280,280,TRUE
Bowling Green State University,#280,280,TRUE
California State University--East Bay,#280,280,TRUE
Clarke University,#280,280,TRUE
DeSales University,#280,280,TRUE
Hampton University,#280,280,TRUE
Immaculata University,#280,280,TRUE
Marian University (IN),#280,280,TRUE
North Carolina Agricultural and Technical State University,#280,280,TRUE
Oklahoma City University,#280,280,TRUE
Old Dominion University,#280,280,TRUE
Portland State University,#280,280,TRUE
Southern Illinois University--Carbondale,#280,280,TRUE
Texas State University,#280,280,TRUE
University of St. Francis,#280,280,TRUE
University of Texas at San Antonio,#280,280,TRUE
University of Toledo,#280,280,TRUE
Alvernia University,#296,296,TRUE
Edgewood College,#296,296,TRUE
New Mexico State University,#296,296,TRUE
Saint Mary's University of Minnesota,#296,296,TRUE
South Dakota State University,#296,296,TRUE
Southeastern Baptist Theological Seminary,#296,296,TRUE
University of the Incarnate Word,#296,296,TRUE
Aurora University,#303,303,TRUE
Montana State University,#303,303,TRUE
Concordia University Wisconsin,#304,304,TRUE
Ferris State University,#304,304,TRUE
Florida Gulf Coast University,#304,304,TRUE
Harding University,#304,304,TRUE
Louisiana Tech University,#304,304,TRUE
Middle Tennessee State University,#304,304,TRUE
Oakland City University,#304,304,TRUE
Radford University,#304,304,TRUE
Shenandoah University,#304,304,TRUE
University of Hartford,#304,304,TRUE
University of Houston--Clear Lake,#304,304,TRUE
University of Indianapolis,#304,304,TRUE
University of Nebraska Omaha,#304,304,TRUE
The University of Texas at El Paso,#304,304,TRUE
Western Michigan University,#304,304,TRUE
Abilene Christian University,#320,320,TRUE
Andrews University,#320,320,TRUE
Campbell University,#320,320,TRUE
Cleveland State University,#320,320,TRUE
D'Youville University,#320,320,TRUE
East Tennessee State University,#320,320,TRUE
Indiana University of Pennsylvania,#320,320,TRUE
Kean University,#320,320,TRUE
Marymount University,#320,320,TRUE
St. Ambrose University,#320,320,TRUE
University of Puerto Rico--Rio Piedras,#320,320,TRUE
Augusta University,#332,332,TRUE
Boise State University,#332,332,TRUE
Marshall University,#332,332,TRUE
The Master's University and Seminary,#332,332,TRUE
Morgan State University,#332,332,TRUE
Oakland University,#332,332,TRUE
Southern Illinois University Edwardsville,#332,332,TRUE
Texas Woman's University,#332,332,TRUE
University of Findlay,#332,332,TRUE
University of Wisconsin--Milwaukee,#332,332,TRUE
University of Wisconsin--Oshkosh,#332,332,TRUE
Wichita State University,#332,332,TRUE
Lesley University,#342,342,TRUE
Missouri State University,#342,342,TRUE
Baker University,#345,345,TRUE
Concordia University -- Irvine,#345,345,TRUE
Daemen University,#345,345,TRUE
University of Louisiana at Lafayette,#345,345,TRUE
University of Lynchburg,#345,345,TRUE
University of Tennessee at Chattanooga,#345,345,TRUE
Eastern Kentucky University,#352,352,TRUE
Georgia Southern University,#352,352,TRUE
Point Park University,#352,352,TRUE
Texas A&M University--Kingsville,#352,352,TRUE
University of Hawaii at Hilo,#352,352,TRUE
University of Northern Colorado,#352,352,TRUE
University of Southern Mississippi,#352,352,TRUE
Walsh University,#352,352,TRUE
Gardner-Webb University,#356,356,TRUE
William Carey University,#356,356,TRUE
Arkansas State University,#361,361,TRUE
Carson-Newman University,#361,361,TRUE
Clark Atlanta University,#361,361,TRUE
Husson University,#361,361,TRUE
The University of Akron,#361,361,TRUE
University of Montana,#361,361,TRUE
The University of Texas at Tyler,#361,361,TRUE
Western Kentucky University,#361,361,TRUE
Dominican University New York,#369,369,TRUE
Long Island University,#369,369,TRUE
Mississippi College,#369,369,TRUE
Regent University,#369,369,TRUE
Texas A&M University--Commerce,#369,369,TRUE
University of Louisiana at Monroe,#369,369,TRUE
"University of Maryland, Eastern Shore",#369,369,TRUE
Dallas Baptist University,#376,376,TRUE
Eastern Michigan University,#376,376,TRUE
Mount St. Joseph University,#376,376,TRUE
Tarleton State University,#376,376,TRUE
University of Mary,#376,376,TRUE
Wingate University,#376,376,TRUE
Pontifical Catholic University of Puerto Rico--Ponce,#380,380,FALSE
Indiana State University,#382,382,TRUE
Northern Kentucky University,#382,382,TRUE
Palm Beach Atlantic University,#382,382,TRUE
Trevecca Nazarene University,#382,382,TRUE
University of South Alabama,#382,382,TRUE
University of West Georgia,#382,382,TRUE
University of Alaska--Fairbanks,#389,389,TRUE
University of Bridgeport,#389,389,TRUE
Roosevelt University,#390,390,TRUE
Saint Leo University,#390,390,TRUE
University of Arkansas at Little Rock,#390,390,TRUE
University of Michigan--Flint,#390,390,TRUE